<?xml version="1.0" encoding="UTF-8"?>
<?xml-stylesheet href="pavi.xsl" type="text/xsl" ?>
<!DOCTYPE survey
[
<!ELEMENT survey (isro,region,
location,
Featuretype,
ROVdives,
Areacovered,
DepthRangesurveyed,
Distancefromland,
Shippingactivityproxy,
Items)>
<!ELEMENT isro (region,
location,
Featuretype,
ROVdives,
Areacovered,
DepthRangesurveyed,
Distancefromland,
Shippingactivityproxy,
Items)>
<!ELEMENT  region(#PCDATA)>
<!ELEMENT location (#PCDATA)>
<!ELEMENT Featuretype (#PCDATA)>
<!ELEMENT ROVdives (#PCDATA)>
<!ELEMENT Areacovered (#PCDATA)>
<!ELEMENT DepthRangesurveyed (#PCDATA)>
<!ELEMENT Distancefromland (#PCDATA)>
<!ELEMENT Shippingactivityproxy (#PCDATA)>
<!ELEMENT Items (#PCDATA)>
]>
<survey>
    <isro>
        <region>Atlantic</region>
        <location>Carter</location>
        <Featuretype>
Seamount</Featuretype>
        <ROVdives>5</ROVdives>
        <Areacovered>2.78</Areacovered>
        <DepthRangesurveyed>
200-2800</DepthRangesurveyed>
        <Distancefromland>630</Distancefromland>
        <Shippingactivityproxy>0.12</Shippingactivityproxy>
        <Items>12.23</Items>
    </isro>
    <isro>
        <region>Atlantic</region>
        <location>Carter</location>
        <Featuretype>
Seamount</Featuretype>
        <ROVdives>5</ROVdives>
        <Areacovered>2.78</Areacovered>
        <DepthRangesurveyed>
200-2800</DepthRangesurveyed>
        <Distancefromland>630</Distancefromland>
        <Shippingactivityproxy>0.12</Shippingactivityproxy>
        <Items>12.23</Items>
    </isro>    <isro>
        <region>Atlantic</region>
        <location>Carter</location>
        <Featuretype>
Seamount</Featuretype>
        <ROVdives>5</ROVdives>
        <Areacovered>2.78</Areacovered>
        <DepthRangesurveyed>
200-2800</DepthRangesurveyed>
        <Distancefromland>630</Distancefromland>
        <Shippingactivityproxy>0.12</Shippingactivityproxy>
        <Items>12.23</Items>
    </isro>    <isro>
        <region>Atlantic</region>
        <location>Carter</location>
        <Featuretype>
Seamount</Featuretype>
        <ROVdives>5</ROVdives>
        <Areacovered>2.78</Areacovered>
        <DepthRangesurveyed>
200-2800</DepthRangesurveyed>
        <Distancefromland>630</Distancefromland>
        <Shippingactivityproxy>0.12</Shippingactivityproxy>
        <Items>12.23</Items>
    </isro>    <isro>
        <region>Atlantic</region>
        <location>Carter</location>
        <Featuretype>
Seamount</Featuretype>
        <ROVdives>5</ROVdives>
        <Areacovered>2.78</Areacovered>
        <DepthRangesurveyed>
200-2800</DepthRangesurveyed>
        <Distancefromland>630</Distancefromland>
        <Shippingactivityproxy>0.12</Shippingactivityproxy>
        <Items>12.23</Items>
    </isro>    <isro>
        <region>Atlantic</region>
        <location>Carter</location>
        <Featuretype>
Seamount</Featuretype>
        <ROVdives>5</ROVdives>
        <Areacovered>2.78</Areacovered>
        <DepthRangesurveyed>
200-2800</DepthRangesurveyed>
        <Distancefromland>630</Distancefromland>
        <Shippingactivityproxy>0.12</Shippingactivityproxy>
        <Items>12.23</Items>
    </isro>    <isro>
        <region>Atlantic</region>
        <location>Carter</location>
        <Featuretype>
Seamount</Featuretype>
        <ROVdives>5</ROVdives>
        <Areacovered>2.78</Areacovered>
        <DepthRangesurveyed>
200-2800</DepthRangesurveyed>
        <Distancefromland>630</Distancefromland>
        <Shippingactivityproxy>0.12</Shippingactivityproxy>
        <Items>12.23</Items>
    </isro>    <isro>
        <region>Atlantic</region>
        <location>Carter</location>
        <Featuretype>
Seamount</Featuretype>
        <ROVdives>5</ROVdives>
        <Areacovered>2.78</Areacovered>
        <DepthRangesurveyed>
200-2800</DepthRangesurveyed>
        <Distancefromland>630</Distancefromland>
        <Shippingactivityproxy>0.12</Shippingactivityproxy>
        <Items>12.23</Items>
    </isro>    <isro>
        <region>Atlantic</region>
        <location>Carter</location>
        <Featuretype>
Seamount</Featuretype>
        <ROVdives>5</ROVdives>
        <Areacovered>2.78</Areacovered>
        <DepthRangesurveyed>
200-2800</DepthRangesurveyed>
        <Distancefromland>630</Distancefromland>
        <Shippingactivityproxy>0.12</Shippingactivityproxy>
        <Items>12.23</Items>
    </isro>    <isro>
        <region>Atlantic</region>
        <location>Carter</location>
        <Featuretype>
Seamount</Featuretype>
        <ROVdives>5</ROVdives>
        <Areacovered>2.78</Areacovered>
        <DepthRangesurveyed>
200-2800</DepthRangesurveyed>
        <Distancefromland>630</Distancefromland>
        <Shippingactivityproxy>0.12</Shippingactivityproxy>
        <Items>12.23</Items>
    </isro>

</survey>